[
    {
        "completed": false,
        "deadline": "2025-06-17",
        "important": true,
        "materia": "a",
        "plataforma": "",
        "task": "importante e urgente",
        "tipo": "relatorio",
        "urgent": true
    },
    {
        "completed": false,
        "deadline": "2025-06-24",
        "description": "",
        "important": true,
        "task": "apenas importante",
        "tipo": "tarefa",
        "urgent": false
    },
    {
        "completed": false,
        "complexidade": "",
        "deadline": "",
        "important": false,
        "materia": "",
        "task": "apenas urgente",
        "tipo": "projeto",
        "urgent": true
    },
    {
        "completed": false,
        "deadline": "",
        "description": "",
        "important": false,
        "task": "nada",
        "tipo": "tarefa",
        "urgent": false
    }
]